team,npi_0,npi_1,npi_2,npi_3,npi_4
Adrian,46.45624346394474,56.455508182218956,56.43670246615416,38.1138439841004,43.24603248761711
Agnes Scott,33.070521766291854,45.570242516430355,45.54665364695346,47.643529168302294,54.057969944204025
Albertus Magnus,45.37864972185041,47.47185164146323,37.287445305752286,38.14939174794828,34.2798140252559
Albion,48.7215264384823,50.49952686252214,48.267463783021796,49.99849042894265,51.25447508311306
Albright,48.19134167672178,45.533896093894846,41.831554126035925,44.05666931818434,46.77279067346419
Alfred,49.48816155185667,51.32896803623951,55.817309590759066,60.43386413106497,62.19695105548374
Alfred St.,47.46689046414697,46.97337945512174,46.67854377208267,50.09836198086341,48.67199923350962
Allegheny,62.24712963260638,53.767489018039846,48.02523148479355,50.79091549701435,48.59872586485007
Alma,49.887562298221354,48.278226056556555,54.99911726693208,52.00270935137913,47.20766821394546
Alvernia,49.272810216309914,49.196183594146895,50.04540175403358,51.58157764638879,54.08525108102109
Alverno,44.35765430664187,49.83492724286463,55.87763108523191,54.66337402772361,60.65607432330929
Amherst,51.500322842637516,55.7212904878715,49.38003160981906,47.18460975582869,41.376465723562916
Anderson (IN),51.34005495263874,56.9810001299422,67.74529727778962,68.20805140374243,67.5776774377627
Anna Maria,42.25868583705115,44.11291975386143,46.30624438736229,39.3423062174995,39.4594204353231
Arcadia,59.1506102565593,50.06005854285546,49.56750155173737,52.363614393289645,46.441741124821334
Asbury,51.90587662698861,49.632925066084084,51.399161893873085,49.87770284103865,47.659667236426706
Augsburg,52.832955360651496,53.920680180669926,49.12149163246418,41.323446708375286,44.70844104509064
Augustana (IL),45.57015990260227,41.45360726629834,35.856710714034996,41.00323822478703,41.731095061517465
Aurora,54.38949208524524,68.03528729173031,67.69384435301525,69.12120247248524,65.14397675101957
Austin,57.86771323572903,56.66808260217518,56.959466257133414,63.629803792722086,64.9377446403147
Averett,51.93315113637812,51.398624628735604,50.51570580372552,55.299120943937844,53.46449554724151
Babson,54.970502940851134,56.019527653140045,55.13775161046876,54.4047626310491,50.07410859331097
Baldwin Wallace,61.16406260661579,64.13181695582405,51.99217221352422,56.15429834792646,54.1765375544272
Bard,54.01624736007917,64.41555488692957,60.24616740750452,51.14650262226159,49.71048061904478
Baruch,47.0647605073956,47.17103327100539,45.09747310461125,45.70597618204622,49.08525877005189
Bates,49.57846900370244,43.36169299901303,40.58718889722187,34.02961846188609,35.1240655919939
Belhaven,49.571814176441414,50.39082449607771,50.909613519471165,56.471789025784666,50.743146893692746
Beloit,38.615858844861556,42.084181365526426,45.68398963428711,47.065916314909224,48.337503482564486
Benedictine (IL),52.213487896743146,49.29083125917201,39.59730067477961,44.311474441101886,48.47296115130875
Berea,47.293706162579575,56.406833394344424,56.40892529544739,60.3202805881405,59.240762716948566
Berry,50.92213264423033,38.735869551370314,32.712374373491706,31.747924370488718,35.57884223855581
Bethany (WV),44.06212291690385,40.112981290400676,40.56760120595399,43.181266268196026,41.320348424151696
Bethany Lutheran,54.51570201203757,53.46951228920503,53.35759995579885,47.360762537194226,48.652343543888236
Bethel (MN),48.65453805319849,49.163952639390736,47.36238421574726,49.02417613372528,50.850681963471345
Blackburn,49.058791483964065,45.69340580013787,49.80401490306193,48.902128096207974,48.22789869976802
Bluffton,41.41886955016182,41.68029195087231,46.35099847242819,49.54388208769083,51.35824560030769
Bowdoin,49.854049248280226,49.89430922838369,49.99473188786633,49.59300954093252,48.08701340163946
Brandeis,54.44278706635896,54.63897152513868,57.573404167781,60.18051111623516,54.93886897441189
Brevard,45.503687402058794,43.48285617031902,46.5492324366245,43.53313390730064,45.82633585804622
Bridgewater (VA),61.32354665612002,65.25394458008246,62.65960526111027,67.53263059746578,69.62200917664987
Bridgewater St.,49.67913001099744,51.56709512770153,49.89431320901608,50.472682002439974,50.67923829994598
Brooklyn,56.53092761218199,56.52121418116696,54.34444607845614,49.42786522161035,47.4999934736516
Bryn Athyn,48.94912355127714,58.09267433114688,64.23147663690412,63.03413338660635,62.20680027153031
Bryn Mawr,46.853998674767915,42.43709703693514,41.80153608261329,45.177867885850006,50.485643167375564
Buena Vista,41.54702447156965,49.339679862903466,49.740370206024814,53.59482597003737,55.20606578896943
Buffalo St.,57.58095126918033,65.20737001356866,58.134648349840454,55.71139937458841,48.452614759659156
CCNY,52.40488765064542,50.68594934434206,55.64646701699226,59.52074527079196,58.34127882508048
CWRU,48.87848240448928,43.17239709037276,33.17095361479679,40.117617496324456,36.43783019474787
Cairn,50.26567261098363,45.51805191385646,42.00270455559592,37.677607278834415,42.87619685564072
Cal Lutheran,54.08170481710904,51.774438373294025,53.90241780029595,49.854591773722106,50.26416405105651
Caltech,40.36335955245386,41.08251730487696,36.88932869800654,41.59945858252807,33.045080653741664
Calvin,61.786880453476556,62.42010331027548,56.48230961073991,53.940360543388856,54.35855257177659
Capital,44.210342081133334,45.90394721835166,46.15672061567522,49.92612491814932,50.70630232340832
Carleton,45.801332392681196,46.89073375091215,43.345767746957456,28.296462141771816,34.52717705619769
Carlow,40.016775195309414,48.02221535098665,49.74154717671474,49.79837964265757,47.91355042345621
Carnegie Mellon,50.70285059168349,50.03983521917588,50.42172063059879,48.03573346333396,44.79472541208831
Carroll (WI),52.343028250834045,50.050456222367075,50.83651588985612,45.45138321342985,50.240758960488535
Carthage,44.34695839590878,42.61730881195556,44.75703523538311,48.81894581749948,46.47684913990028
Catholic,53.57647596881471,61.79559378442414,66.31063538105766,68.36370965018776,72.20462046263259
Cedar Crest,44.58339249385689,43.45536787278459,43.681547024131085,45.482080772238525,43.07800801016721
Centenary (LA),40.590718832765305,45.440182992971344,46.3555675115548,42.45506837578164,45.42211865401681
Centenary (NJ),41.790877214628026,49.128588875679796,48.681662708783726,46.42370995330452,49.83071364908596
Central (IA),51.66469796024969,50.356346301111394,51.87518626408414,49.95986987508908,47.954777753946296
Centre,57.890980497918065,59.03691285696198,57.72173080849411,56.03223399532096,51.39630220083741
Chapman,49.552262946750254,41.61912597149992,42.83540523515692,51.8673956686614,41.306709110605354
Chatham,47.49528091932695,48.06758842679761,51.76945270463586,48.07516738120955,46.684881114553725
Chris. Newport,54.95653894061676,48.41906415004283,48.738756226216765,46.729153477243266,48.147890942874334
Claremont-M-S,48.04431738482885,46.974698252872344,46.22104756309749,46.37066995065643,45.16274814323869
Clark (MA),59.87289764539189,62.31478581858802,59.989852976876676,53.610864336496235,51.0739639666206
Clarkson,50.602655368133775,53.83571002234984,52.344714428318454,52.50923342032664,57.361600395327535
Coast Guard,49.37508866080862,41.61159516785962,32.313095460057454,34.17465521080313,37.79365351082147
Coe,56.55996721046669,61.16305888976551,62.1163646917615,59.67551829494308,67.6521809017492
Colby,58.85786641148446,58.68730344589361,61.29740790605257,62.24265489563219,55.22546917072406
Colby-Sawyer,49.675788755932714,51.46529666547029,55.21462417539972,62.60483942448843,65.45512866753876
Colorado Col.,47.62071916523703,51.3531423179993,52.08975863764514,54.482602793424945,52.09791965993634
Concordia (TX),40.12018648627379,44.18388203504733,42.878499098074094,44.12155648148755,29.44435657334752
Concordia Chicago,54.50375298621093,51.81556105445379,58.262036260081324,59.06419307807078,55.85687436577554
Concordia Wisconsin,51.648239825778276,41.668612065086016,37.81254470592928,39.13901582308642,38.706762865632626
Concordia-M'head,45.923207326601286,33.334008064474496,40.38259502545235,35.371582953617605,27.621383677276494
Connecticut Col.,48.535058943811634,51.13487898110025,46.07770516430297,44.61934742770127,46.85938602049152
Cornell College,45.68616258719638,43.56581105652862,44.71070685755097,40.56570048840826,38.073231702162666
Cortland,50.35356032115564,53.64905823571412,60.552312527352036,57.8729523203956,52.48031604486113
Covenant,50.399546786375886,51.46292458629559,50.3815475167159,49.670040057325124,44.434144683419
Crown (MN),41.75459512421592,39.04100069797283,46.96308259560437,47.546533394336954,46.102865822157405
Curry,44.91250582236097,44.220474099525674,47.6599910887134,48.91221615620233,52.439504195443504
Dallas,32.09594558817266,35.335582381286024,38.29469681927003,37.970633032963185,36.805835886503615
DePauw,44.418052668845554,49.297902670588336,47.75313816449069,45.26629016348597,45.507523752208044
DeSales,53.432012391597006,55.80764373376771,49.54612962299491,44.90173109320468,51.88815277153647
Dean,52.383814569701684,52.76114784313495,48.64516296543912,49.75616170950447,51.93133456034983
Delaware Valley,42.19792868885914,49.029230703251166,52.1946347054602,51.548359699768874,51.44120254860846
Denison,44.93778294671003,36.069583871326905,37.07345673955732,37.04663167339659,41.59091027907616
Dickinson,46.60150688396857,45.731493014476584,40.290446545111664,42.95914024389868,42.99996672668781
Dominican (IL),39.359664133812196,41.72953768222811,42.23000655733758,43.616929422448365,36.66164534596826
Drew,45.48689339738392,53.35365281581454,52.59074883583689,53.26742788735122,54.43838041445217
Dubuque,54.676018352447514,50.48280019105865,45.97516330519711,39.57062834030096,44.57180752631423
Earlham,57.34410051591348,55.53997864826762,63.70931568893352,62.82676545601295,61.547905366642226
East Tex. Baptist,47.17485820975653,45.76782178655821,36.75863279551404,33.96311839813515,32.9078350672838
East. Mennonite,45.52369229150462,46.06185077038082,49.0642643517596,53.61716185483166,51.131796643928936
Eastern,59.78423312905105,62.883327007126276,67.34961971220413,64.6975802122222,63.95631057965496
Eastern Conn. St.,55.10198568885296,52.05524994432001,50.92359835797189,51.58618705865088,48.21544686212765
Edgewood,55.64381740873692,59.464527730357815,58.028569253543,58.08424337986747,58.030166539124124
Elizabethtown,42.19400025879208,46.68553447155723,49.75295600222561,44.93424724703708,48.3914824519723
Elmhurst,53.118364188267726,47.582941137059194,41.45725530906113,45.49483003741048,45.064417952262
Elmira,51.982129426552675,54.57012979878371,50.665450435198416,48.998653749795196,52.43173551665633
Elms,44.481675014511595,47.111746002708976,48.412399534276496,47.83888241398037,45.40456884340009
Emerson,50.01380618844093,49.92629455378161,53.29802388804229,57.25974961208532,53.31661399177106
Emmanuel (MA),54.4427495339618,58.52359263604959,54.11618494307188,54.06469843682836,59.93994686302813
Emory,63.31567466647105,61.17669791725392,69.47261088753103,67.90859605421382,66.40196130729205
Endicott,52.082962068794146,51.32067234807352,49.248374547068515,53.867339579140086,55.174982454175655
Eureka,42.08468409768504,40.59837008109926,38.647349349367715,38.799727454441204,38.578132149062974
FDU-Florham,41.543052679600926,45.98346277724577,41.444775972218125,39.020452458159376,35.110846698574626
Farmingdale St.,50.60638541559056,53.60689712983218,56.61728932746357,59.59182932751304,64.33510696593412
Ferrum,46.34755222576974,53.728053359234934,50.26119681715246,48.92675656168384,52.04982722296707
Fitchburg St.,45.31920803324746,39.73983877640879,36.82859911582149,45.25553518553803,51.47935149857701
Fontbonne,53.33417300026366,52.10934596288928,46.56155975886883,50.237040940498986,54.28770213036081
Framingham St.,48.26182243975579,48.99908126548561,42.76045713353885,46.33231300267295,46.401566361356664
Franciscan,61.12642665906087,58.696925456952265,58.91187233310825,55.114944466828,60.58970585655837
Franklin,43.87089633301572,43.7810251317277,41.295804210601894,42.46560826301462,36.78323039616617
Franklin & Marshall,44.76235787119793,33.94906008073472,29.920720896664,30.355312125845355,37.89570908223425
Fredonia,53.57871227450703,56.806210647983534,52.248349337906994,52.52970663315742,56.48456247486049
Gallaudet,58.20268817980684,62.45784619751256,56.584097235034854,52.135365641678405,43.32445993902594
Geneva,37.06042825443174,37.745840376608626,30.753852545859974,31.745263513694415,33.46273374431369
George Fox,50.79113305682827,51.17753752895969,48.77983859946379,47.88152867905114,47.300380752859084
Gettysburg,50.715149179963,49.58178055396416,48.81478632022024,53.299497948745056,61.540104612620574
Gordon,44.20944696501072,43.461158202022645,42.783616159816944,43.28429903749514,42.70212083313866
Goucher,42.75943075049753,52.90255438657825,52.290440400281206,55.37698318700268,56.43872996953702
Greensboro,47.442698109496256,40.40576005123987,43.306937212589,38.22944657876215,36.61631080630953
Greenville,46.35596164900414,49.45914249906518,54.6832212101559,55.667304139752105,54.91361427463981
Grinnell,58.52956491422197,49.60099391338479,52.32348007734312,51.60466762894128,48.436589477304516
Grove City,40.64169234112647,40.39373140977471,43.00566907823538,40.67485239841623,37.21435397854849
Guilford,48.263141576588666,50.42043284341413,50.328817131160385,59.56250193034811,58.14515267030886
Gustavus Adolphus,57.7697274743548,61.9193820458934,63.29856266763051,57.89997503388583,55.8476153635409
Gwynedd Mercy,52.710123416650866,58.51789111160548,56.18202499126393,59.86804973653582,56.907064520391714
Hamilton,46.98544336649491,52.826894203274286,48.175458829318785,49.69450129086256,50.24351672759866
Hamline,39.896288955223866,43.30047127056966,45.16336994363387,48.04179302414994,52.68588799317236
Hanover,53.90680861142759,47.969296653401365,51.32981170444809,48.967978380137765,49.18789150042191
Hardin-Simmons,52.12517459313649,47.19139067150617,45.94919018977328,43.16420311761309,44.62202475617785
Hartford,48.37766140906915,47.03700900232644,48.40323947633153,44.468916465538875,46.23736471950035
Hartwick,56.16395122038998,46.60416284888757,53.06734845231288,57.314735420994076,53.284627665956975
Haverford,63.62088658810985,56.80838310122392,58.31328289613159,50.559956089668056,48.79997393512853
Heidelberg,40.170508785451254,36.76280558720137,41.46452413968099,41.961368883774895,41.89958307310669
Hendrix,45.062616305546506,44.17043334167144,47.81687871552368,49.9101592492741,50.99394149689549
Hilbert,38.78779812434703,40.60649405867979,44.13701512165738,42.80248696834443,41.38653415240302
Hiram,52.43231017962923,42.93233615191459,38.44310105935222,41.79361274690668,41.10725023714462
Hollins,41.818460222151465,37.84773741399233,43.0760438935695,48.3699494057147,49.41728207717808
Hood,49.20983846359335,54.313756261136156,49.33787178041136,51.24858223421998,49.18442282211389
Hope,57.0763254012793,63.28104918611459,66.23046784641564,66.60684265765634,67.77492932115625
Houghton,53.15593445890865,50.696691727288176,51.350275228358775,49.5667170969184,44.64465884642059
Howard Payne,48.749081080086846,52.166468872820566,48.775277074480506,49.67307447212015,52.08100163591339
Hunter,46.81494712779805,46.4880497550193,43.430916289595096,41.88289423635593,43.753740322487886
Huntingdon,47.645207483593005,47.11429437071721,49.939835683511205,51.53011581896564,52.334324418263016
Husson,53.23398821985766,54.647860123838015,55.8866392317053,55.836751845991635,56.630937187005905
IIT,50.50334328336048,47.01412255407046,45.11090162861478,47.47163797231803,48.12041743781165
Ill. Wesleyan,55.24031151247234,56.30578900515995,52.88910768303156,45.78172881864726,42.86003389524936
Illinois Col.,44.82816303220969,43.917617106406944,41.33709794823839,44.28204008872202,42.33888689727691
Immaculata,37.377461606831254,30.766563688454326,27.443619963063504,27.214255073345306,39.28553196444323
Ithaca,54.87216933397718,58.56935219619811,57.580838894498974,56.6783508232201,51.55462061358375
JWU (Providence),63.92472508162945,59.643625463299806,66.42256267525366,65.2145997467445,70.47727119268208
John Carroll,51.34441181471636,48.75653184366495,50.37593674621552,46.68166094740196,48.707079279660064
John Jay,56.07457456921567,56.606733645644866,53.75291287591895,55.66611409664905,59.191696031382
Johns Hopkins,58.315909211372364,62.77925329699104,57.70177423394301,54.220851432427395,52.69681047120559
Juniata,62.50991381425725,69.06110336868419,64.27251727568269,65.9214607425803,62.76493317038135
Kalamazoo,46.751295226220485,55.82314233874271,50.847435034543764,46.576398443817574,47.81402478385634
Kean,58.5436957730788,53.711449585304806,61.5578821031255,56.7347461002886,54.171660429960106
Keene St.,57.44783287174937,56.304359280415184,57.77257120559217,59.50800931303288,60.147537319541314
Kenyon,39.43837794323073,38.50929107916512,39.17712944935075,39.68258703057064,36.50363596768567
Keuka,43.67703001619305,44.6129937345,38.68711460900018,39.68512504481306,39.72371423149323
Keystone,45.782925631397504,49.109352371384944,53.340184408537105,53.07429420539612,46.62387256596576
King's (PA),54.66114844088326,51.121251655885786,49.20226159585375,54.314633035404505,56.84277181756467
Knox,41.56753033789469,45.670271721091716,60.21023569431167,57.137490542640585,57.03223870387901
La Roche,44.163748382847366,48.37128562175077,42.562319864647435,40.51908720900473,37.930791159042464
La Verne,61.43501632135287,64.41241228481591,64.36789926763448,68.02093783525817,68.10699488941532
LaGrange,50.9123939208087,56.07438204957919,52.9048715497042,52.76078813280722,58.85741543375797
Lake Forest,47.90951265095558,59.339570633048496,57.45518773887952,55.85142338625915,62.175396249876805
Lakeland,48.20776274275514,48.36566219742117,48.90613995889274,52.69021769322909,50.11162393960169
Lancaster Bible,60.632830267450714,60.55285692857699,62.12051380390821,64.63607291144936,61.604319801968074
Lasell,54.70374922908477,58.41236300269541,61.3408046382893,61.28506954315098,61.068147053621765
Lawrence,45.40730883226992,45.13051547915328,48.44929915294975,45.74321044146559,49.63942290596299
LeTourneau,54.25308416337039,55.54904664674553,59.62129734729505,56.44055218759803,55.9768885808805
Lebanon Valley,47.04261699530612,41.69948749268163,44.44271071386602,47.60373198067126,55.07573510323019
Lehman,46.33517482669485,44.22616474757866,42.64628294405119,41.70668016118451,43.00761973708327
Lesley,28.40118592402433,39.25595385241035,37.82969495517897,31.473465178228697,38.07998148215734
Lewis & Clark,41.27523014038884,45.13055328281606,45.6885263450627,45.101676591951446,45.325001704572294
Linfield,44.52912166155903,42.675146904859695,40.31018348804482,36.23535679118287,29.800006838969463
Loras,48.9081926651018,48.53497067844319,50.12007052052779,47.19650587417452,52.0239276839257
Luther,45.961912128007576,44.94936867610176,44.109708319946826,42.518463150081004,42.39622699306327
Lycoming,52.24522660403172,54.518831255378515,60.05140850763751,50.787262471881995,53.878777908371184
Lynchburg,42.79763997699073,47.07419057192822,44.173206334347825,37.04088903678743,44.49467454000845
Lyon,49.4461510947191,55.37524616343916,60.29447669009717,54.39205877300925,62.378474844195146
MCLA,53.92750776226601,53.23731827351767,50.239646391320655,57.65574389918738,56.00045646693865
MIT,59.99813397750939,60.968610860618,63.45631648524108,64.2996233264682,62.16445689434962
MSOE,38.406287847759586,35.80046272922315,38.15270956854699,40.27869855128123,40.90084081043635
MUW,42.927780267553814,41.26917376633473,44.804474894119075,42.99104050640184,42.05942822519092
Macalester,48.7937424296878,52.599904940417055,49.39639533614588,50.32053627788697,50.29992067460139
Maine Maritime,58.974372149219256,59.477977592815684,53.2288637566567,59.730553873795415,61.7212241984987
Manchester,53.83218403484895,52.6910567232934,57.04891754018814,56.87791485398993,53.4750049587596
Manhattanville,55.98208700586172,46.2504123268563,43.40675901118699,43.40530238104233,42.15991366654393
Maranatha Baptist,50.95234490830076,51.963424805914244,45.409790060696004,44.37952310345179,40.71678920769136
Marian (WI),52.68550050744031,51.80627149024243,55.063559027749854,52.81880478395073,53.061473062211945
Marietta,53.93962044098612,55.04677941993292,49.923803280975605,56.528570918866045,56.75500623082612
Martin Luther,46.774356079187115,46.9194643986384,42.7620971358046,45.40065812061633,45.04937152860126
Mary Baldwin,38.11952414949137,37.98255208242775,41.22658233952785,47.40929762247995,49.555959309785685
Mary Hardin-Baylor,54.20767670786007,50.81152351555405,54.187313162412245,57.42101426988186,61.68247937258757
Mary Washington,43.12021061600645,39.97884729707269,41.02455404355795,39.68569460020254,38.64542179272056
Marymount (VA),49.56854356005208,43.738085632136354,50.50458273618601,52.7209919979526,58.317778463295504
Maryville (TN),44.417515040517046,31.86849766918747,42.71684312591097,38.38451921005101,43.73272782593333
Marywood,37.80728342665524,38.458886192170034,40.34839966568393,41.95601860699441,42.4836083326213
Mass. Maritime,35.50169128807477,38.639694668422436,41.34965957762459,40.78764803013086,39.45010296964924
McDaniel,49.56963377437676,52.344649138945464,63.04479604039848,62.595884067740336,64.5801293977926
McMurry,46.00240991359913,46.644703288960606,47.059959356972406,48.16228851281069,49.94210244379855
Me.-Presque Isle,44.3863886312012,44.320381732500444,43.312555765358894,44.84005104946216,45.76345552250285
Medgar Evers,34.22814213843508,36.36084504019347,36.121319826055796,37.40732103892722,31.65827473617623
Merchant Marine,63.0213195271665,63.647294609438724,61.22765646727202,63.439029802897664,62.346734790294484
Meredith,46.99050055945502,46.68787836334059,48.78410494442363,49.312542361780636,53.65573186805978
Messiah,57.68321400075326,53.7427476363825,58.41653834897984,54.69563620058964,58.50880412980694
Methodist,54.394728914818,53.985163029777716,55.06837080627917,44.54808446640707,43.68210783982021
Middlebury,54.73430710361627,47.699629642600186,55.43399563882621,57.155866635172266,62.0076966663641
Millikin,58.619154965719595,53.40938578612059,59.53844211460021,58.59533341815087,59.242296573731394
Millsaps,49.932178407514215,44.250147360926675,40.891335031077006,43.27353053378961,43.40459939425223
Minn.-Morris,53.4157010299613,53.243348918919786,55.941729177032826,61.366573117635674,61.85982180150516
Misericordia,51.88555132442872,53.295016335119556,55.555604963309996,48.62340510257196,49.126654210919845
Mitchell,39.65887842711567,40.59768154681749,40.39177296273847,42.718804774708154,47.062521943680196
Monmouth (IL),51.91680010498391,51.43056776443154,55.491135399428316,61.61924580840652,59.63838182606715
Montclair St.,53.4348265280109,57.031085253935764,57.60442224476337,62.36973993220406,65.34864342573603
Moravian,49.02461086727341,49.01606168685439,48.766650122951475,48.61918247579072,45.57883257498091
Mount Aloysius,55.388325884711534,53.035815285322805,52.34493841334632,49.65605484012684,53.12475578248113
Mount Holyoke,47.320826688357855,49.9479335985921,42.564866210595135,46.34540776512617,42.55849864333008
Mount Mary,30.724811999698275,40.108433028221384,40.506333857540135,43.223664131179376,42.72926987551521
Mount Union,56.80502571215929,59.54076874825057,60.4589838306031,58.88798155915314,58.10363040812527
Mt. St. Joseph,47.432571918586135,47.75832402255692,45.033516541248716,48.27660535145484,45.376605776645064
Mt. St. Mary (NY),42.78540068317503,43.75534922858323,44.24144282974379,45.34845112241498,46.952699757033436
Muhlenberg,48.23630797751425,50.37730238448695,47.22361888312068,44.48945633257717,43.88576576934122
Muskingum,42.809982187842884,45.389376253193724,46.23007188893056,44.856649611256444,44.84522963692008
N.C. Wesleyan,49.29078576906312,53.03856256396021,53.73247454668619,52.08865652183121,50.067837203482334
NYU,54.673673916870555,53.86024480237062,52.501060717784185,54.27577298608315,58.06247720622852
Nazareth,53.72724540256321,55.35724747349282,49.40237123035067,51.63200168355723,51.478787610288684
Neb. Wesleyan,56.712579325486715,63.329454399908194,56.333621859674096,62.64320792187019,58.034382331568516
Neumann,52.22303264635996,50.81506906439381,49.463738306456435,47.20680566839574,39.41794593753864
New England Col.,48.14723499851233,44.880494191754515,29.829659400523823,36.24338754648564,36.70835055529055
New Jersey City,41.86982834368081,42.769356488503966,44.928835660270565,43.845399979677055,39.08289781400131
Nichols,44.770409839724685,46.20535611160429,52.880296147969496,54.11425106037221,59.17250529783844
North Central (IL),54.476345347405584,49.55356487086454,53.98617110068396,55.38537911328591,56.204372221173166
North Central (MN),44.21808041857197,40.575630734153904,34.20877641031134,37.25621956255368,38.613505100009725
North Park,51.79810826694564,61.558703492843556,63.255310452111225,57.98208873019473,52.17741068407875
Northland,41.291622440980326,47.3676984071001,50.989582555359895,49.48725599288537,43.07055944470531
Northwestern-St. Paul,57.57288600053667,54.624014480427824,56.486377420049166,54.44475253227766,53.46964828893679
Norwich,46.01723539123168,43.41693999599129,41.22896277956235,42.44912744761259,41.481675103472085
Notre Dame (MD),51.61471204077393,50.92228861017643,55.42710469494389,50.28841025866339,51.86168323542429
Oberlin,45.20670874810104,45.036116087407045,51.0782851648901,54.02926740484485,56.55163698567468
Occidental,43.52489856440067,45.31608368442932,36.889328698075516,39.889519548003584,43.50386586021016
Oglethorpe,48.74329677332739,52.97018390306437,54.19453577289422,59.59563536116157,53.21213705611437
Ohio Northern,51.441307315821184,54.18077672711176,56.330781079937665,60.110143788470644,61.64781850821092
Ohio Wesleyan,47.519641048164026,56.85653052750558,53.94405798440754,56.20710794608923,59.60940188295878
Old Westbury,49.80832024641705,56.59226941132076,55.79539541300687,49.222348527116885,53.18621552887662
Olivet,42.55117334526672,40.75876114389769,35.30910226776836,42.55133813304175,45.18501874669428
Oswego St.,54.260476225425464,56.986717773792634,54.89670720562404,56.37690932437893,58.47278887764566
Otterbein,55.5606658966186,56.46805459194545,51.45490125263628,54.63723373306685,52.98004042881513
Pacific (OR),44.634903934560235,48.13246055038159,46.24107985458616,42.19025830167223,37.25034155804024
Pacific Lutheran,48.21162673906558,49.0644716616877,50.93347195908925,52.34730134830054,51.60950470443041
Penn College,38.997371386183225,41.129317554588695,37.20747615762028,43.682658865199954,45.07942526143484
Penn St. Brandywine,45.18904472008376,40.7540115171952,34.304928218802274,34.01819163482677,37.620186980294456
Penn St. Harrisburg,58.95103200209378,60.40491039602074,55.20646453811838,50.53543090504116,51.4800943769103
Penn St.-Abington,53.618441997752576,52.02039232071355,50.30187869897814,56.03739448105473,61.08558625342866
Penn St.-Altoona,55.71724445279556,54.2491534846275,52.59429360932133,55.72127005180566,57.19470243892153
Penn St.-Behrend,51.77081138718627,53.90417258785774,60.018951156760735,60.95133036103899,58.15795577670004
Penn St.-Berks,50.80133941131119,51.55747329110537,48.39399098001483,49.42610725249712,52.34124024582996
Pfeiffer,42.67689238244186,40.052200821741486,36.88385929969745,30.58302247186906,36.42562513584553
Piedmont,48.195513295393305,58.319709219342286,57.29016903698684,59.013116536374845,55.40520777838797
Pitt.-Bradford,48.89968357566009,42.86395259327887,40.03458562122384,37.386647628756094,29.771206421581844
Pitt.-Greensburg,51.841766149450955,50.44995303294829,56.90226454326881,55.01208501164421,53.74758169805994
Plattsburgh St.,41.98359663801087,41.92035674640325,46.263636851736614,49.558168493500716,43.0329556839224
Plymouth St.,60.381840755030034,62.17535589952946,56.43435264285568,65.48049649896947,59.03888057354191
Pomona-Pitzer,56.11826980742296,58.297128605328105,56.3293555126419,60.15440295072287,52.95243554527906
Pratt,40.20662858301904,45.323713648709145,46.591345367724124,46.51507176828358,48.2676800437294
Principia,39.65725769677848,40.31184868950886,52.399710933553166,44.07759627018399,38.93728819273652
Puget Sound,55.0837678625874,56.10516399133243,54.88224049632133,54.75114632091757,58.39086309124627
Purchase,40.35503245725265,37.0353651290794,35.14794894167002,35.012045788430235,27.42376409442036
RIT,53.846902502340505,42.5301596651648,37.164551259438475,31.095825694368415,41.857249418816764
Ramapo,51.420278892902694,47.95385929310468,45.648477812626425,45.1930669051959,48.24063872457463
Randolph,49.8045390055409,47.225305313052125,50.741027667772016,56.70743672095725,59.45015349079896
Randolph-Macon,55.95644720563693,60.45911874263362,56.16091324929156,55.717493246655785,53.40475829288638
Redlands,48.19650606791617,46.50696279130036,47.9754822719526,47.02063689109507,48.28176217661559
Regis (MA),55.48574387427553,61.0232198912833,56.02223116132044,58.506040136182506,57.899607475536456
Rhode Island Col.,48.268303077738125,48.8444968489245,48.102274761594856,45.13533384144359,43.90818495013809
Rhodes,56.61686387345619,64.90541197268917,64.40428224830372,64.64978463570911,58.69196668321488
Ripon,40.53508682826429,41.9066119472206,37.16154491916107,32.22209941093006,37.059994991782695
Rivier,52.73567256698712,42.92931149273703,45.35601441084991,48.7248844832553,50.4075066430027
Roanoke,52.372681231566034,49.670520668495314,52.42579698599146,59.58180897922964,62.8230318279581
Rochester (NY),47.31487723672475,50.418765299115904,46.5010942271514,46.42971953870944,49.387140438845194
Rockford,44.712576511127445,47.908947272539024,47.73228213723577,46.33724268730307,47.43889051151283
Roger Williams,56.68347181103202,57.10971316980162,54.440599589134585,50.94524689443745,46.139969745751664
Rose-Hulman,55.804126411623585,57.975691779827855,58.13863208738969,55.63854208889378,59.491694368729654
Rosemont,41.86944374747159,43.86730587123411,43.6873195177188,45.27638296192352,50.855834143379866
Rowan,47.691895847454234,50.65943624876938,54.07539836937967,56.05519088334118,50.93847091844406
Russell Sage,40.36851375401314,42.260753288029626,41.435062471058544,30.958657694736708,34.90783200404785
Rutgers-Camden,44.26487321267531,39.21654988373655,44.63711676299424,47.367105713490936,46.33186177951029
Rutgers-Newark,54.34269103199712,60.3379181351335,59.14988475281447,62.08657468028423,61.03398996175414
SUNY Brockport,53.70083573407878,52.67197309687945,60.496721185605274,62.20082200901638,55.91831924412454
SUNY Canton,41.74187590957581,46.90701262692375,44.9195869952841,53.50855305397814,57.831907654571815
SUNY Cobleskill,43.87502850362615,40.13739203823916,50.24377648076695,49.1184953740688,46.837740489506324
SUNY Delhi,45.20878090165765,42.75078469790185,45.84261295182477,40.877370494839774,39.31005680507252
SUNY Geneseo,40.889344219070246,44.94014442676182,30.94924984053131,38.69897434639132,27.92610951667645
SUNY Maritime,40.04414830496719,41.5236517754664,42.87338072910194,47.04174307254951,43.131857298720945
SUNY Morrisville,43.74196442151243,49.0223159808211,47.40585967534625,44.44787153071824,45.13920898086902
SUNY New Paltz,48.08669321512843,45.15789267482801,47.03904923205075,48.05797363617995,45.411806402054886
SUNY Oneonta,55.65971868138227,55.43604306183992,47.09195339347255,45.14065409059807,47.3773236397288
SUNY Poly,41.90159143971884,38.378398829419496,42.70108591613606,44.682113309039835,43.10756780282396
SUNY Potsdam,53.79172890391247,52.05444837158225,55.124772536754804,58.346713525637526,52.14690773294324
Saint Benedict,49.771639281863244,46.28466695410429,50.20208419656565,49.638503826613785,50.867504550770775
Saint Elizabeth,48.69475193518247,51.50836048767476,54.599938053239015,56.28442602754796,56.76611822175215
Saint Joseph (CT),43.510069217189084,47.14284610634584,54.4338474729866,53.59790574180908,53.5798094778004
Saint Mary's (MN),45.05009668753978,43.960136228658605,48.60295032565944,46.46247181509616,45.34876275347285
Saint Vincent,57.61495077964363,58.560475059071436,63.34690104957585,59.154521555894426,53.20108805502279
Salem (NC),54.93079270933787,48.091850414345096,45.23819410350243,40.737478299938665,45.34281439635725
Salem St.,42.191794924840394,39.59156336888829,43.63140784854757,42.53753169361147,41.46259942878079
Salisbury,52.96734226600463,61.77510880400799,61.59206663093077,60.51858778361706,61.56134256104925
Salve Regina,43.471286758604045,43.134123066354945,45.938359935107655,44.14323499002959,43.48777283823255
Sarah Lawrence,47.88852037683284,53.74846378694181,52.498368358697256,52.370276784801725,54.66475545223349
Schreiner,53.19333773233686,51.351535239103654,55.105773208736835,54.883647047675595,50.92010348952389
Scranton,56.36765136044212,53.962017078635625,48.75707177616862,51.778531067540904,54.94609141993635
Sewanee,41.08979393307806,44.14281186211613,45.6285430324935,41.57087706086343,40.94320317039818
Shenandoah,43.60989571036987,51.537663419284115,49.954477474745765,50.666323277041634,47.839333592471974
Simmons,50.99079178027895,55.597730796268,60.99468431649276,55.61223877341954,50.81733882502649
Simpson,43.22101557903158,34.851743923154075,39.30505465302366,36.68098754462955,42.03837099358129
Skidmore,52.371725244906536,54.808032149993835,51.60823459273553,47.214767244124,51.61840315986491
Smith,60.432612605813574,52.53293263854237,44.41897977103779,44.78802554638346,44.19795256119483
Southern Me.,44.37611645869717,45.798976570186966,44.3034491793156,44.364621436581864,28.09913880151744
Southern Va.,58.52065373523966,57.81668440387234,59.0516543686217,61.584223716471485,64.43368450686059
Southwestern (TX),49.610783017939106,56.45169485509241,63.755417059331755,64.46101100901012,59.60968611820932
Spalding,59.86837081389877,59.38140123402952,55.09157489932031,55.09843683749637,48.67204475913936
Springfield,63.96684372514547,69.03955984562211,69.7415729741879,71.35932384478566,65.89218764248652
St. Catherine,51.58446501824809,57.49785301005134,60.07899781751226,61.64607867350387,57.82615183576296
St. John Fisher,55.49642678530533,55.06619141052979,62.906475117725414,59.26954837594482,60.28601478537403
St. Joseph's (Brkln),43.00949481070506,47.23260590789162,49.257025042513845,46.27789809645863,43.74819065677029
St. Joseph's (L.I.),43.47466674877424,39.2096908556168,36.071574075726254,38.387566180627466,39.26657885512294
St. Joseph's (ME),46.02159914874447,44.19760393426396,43.57719027902666,47.79574185569817,44.60485822791769
St. Lawrence,51.16231366311291,50.10933648180743,52.71290482295508,50.848727412632314,47.2118627156329
St. Mary's (IN),51.926700131681585,50.901595860483255,44.5805479305838,49.27349346668524,42.572006871780125
St. Mary's (MD),54.77923487849305,52.527114102798585,45.41904321602321,44.629099340153836,39.576376584939936
St. Norbert,55.357681333444916,55.79528764325315,50.7443006100586,51.00634929487297,48.64078301415384
St. Olaf,52.335885051929075,47.39894727500209,44.52121242728405,43.103283092479614,39.00663667154646
St. Scholastica,54.801380250799944,58.110443101068036,59.517415436649735,60.78575340020992,61.222673672958756
St. Thomas (TX),53.59949859677235,64.38292744072832,59.217824879144544,59.18002610181714,57.677450837454444
Stevens,63.013749965247094,61.77689167838721,59.19998003443222,58.35723940958796,63.67918338233082
Stevenson,41.08489329949506,41.82932020769128,39.085383702695324,35.244917903597006,34.65931855415062
Stockton,60.81809596720039,64.42320553452534,64.76810964044778,57.11966497266816,55.977334362033986
Suffolk,54.62129949797758,62.22563031443273,60.46596550742345,56.947814329920604,61.287695628797344
Susquehanna,51.41114211287386,54.07268337436682,50.67191645394381,54.74784726614023,58.05039561099335
Swarthmore,59.725708932167,63.44063735248551,65.79026914606945,57.379232150739185,62.94085692492083
Texas Lutheran,58.512931184244344,59.020494615897626,55.47994453461263,52.45325144082067,51.98222797308841
Thiel,46.15207904433395,45.2859059503811,48.093795276201995,48.62217909673055,51.6548720165189
Thomas (ME),47.416816434107716,47.77866917625419,47.162879844271274,48.49551982254024,47.86744479451954
Transylvania,62.31131006801941,64.72053112810634,63.573070108855866,67.77131672225879,68.68318942239726
Trine,50.572097448458884,46.932154430733014,46.23292346160098,42.19563577760761,39.666366852105206
Trinity (CT),49.81097712212058,50.06441184918253,53.42036532306609,58.96104226088678,60.05304876116765
Trinity (TX),55.15764334532843,52.58873886242787,50.54521444962438,46.28700973501367,44.10317573394917
Trinity Washington,47.65465211485994,47.3916099932589,49.47966026998199,47.6050148797773,50.166226450238646
Tufts,57.91477223945145,58.160630701254604,43.937198832897344,44.30425627241633,40.100235708822986
U New England,56.388363098003026,64.1790398578514,58.95392695759061,54.89700470426625,51.216942197741226
UC Santa Cruz,47.98475712551519,46.35899287574801,46.12397903647065,44.77082114479088,46.482097797710296
UChicago,53.367576721847534,47.893652312987015,51.080385294578726,53.015878795679065,51.671840064488585
UMSV,50.811932540973196,50.48762264043309,51.709583137511856,49.38847354558742,47.98546550584687
UMass Boston,50.66940857976241,51.642846480556464,48.86595508518487,46.98876403131516,47.44080597663769
UMass Dartmouth,55.54250039432546,52.947474484483436,50.10227446388904,45.68306001462162,51.19033051573393
UW-River Falls,54.1807011307905,57.041152996652265,55.76224094881668,56.94187195924162,58.45906169916502
Union (NY),50.00553985182242,49.67202902498653,51.216034039769596,51.87676237680933,56.88990958285726
Ursinus,47.61892292820694,45.430726316859676,37.401329350425584,37.9446294276641,42.54848810073785
Utica,50.22043608349055,49.85606786604416,57.98491898375776,52.299707518263105,51.93759033508564
VTSU Castleton,47.98835618115747,51.09416094810229,46.92867562101773,52.40277495451607,51.79244472706357
VTSU Lyndon,37.72985510676479,32.10934663892295,29.829659400523823,30.519179801965393,27.42376409442036
VTSU-Johnson,40.955351000533334,45.11351533992547,44.42210229656177,41.99397701353646,43.030374804770965
Va. Wesleyan,61.307068709986765,58.952144541406604,52.024021270915185,43.30861114090169,42.39200778669072
Valley Forge,49.16871647357055,42.974227960279066,44.08870447224522,42.84563235185993,51.16262245636182
Vassar,50.89344567022199,45.91509110321686,45.35714370142806,38.87034628082597,40.3001303204042
WPI,53.03905480365891,55.60973438375737,52.969068552364014,47.465801711922566,44.09064337886776
Warren Wilson,40.018991182938265,41.951403508963544,43.35224098952666,45.603446032630025,47.10596656876877
Wartburg,55.37095579687717,56.03941493687194,58.40039104353722,59.890065328844734,62.674747420822
Wash. & Jeff.,54.513292751546686,58.129091389910656,61.6260655290583,61.36896640534917,63.68940771621615
Wash. & Lee,57.46025036456937,57.25335697846167,55.934072783051995,57.248639298269424,59.38336966748649
WashU,59.9195619464432,57.272513730022254,56.26452109292576,61.00639450061168,61.24031467852708
Washington Col.,54.58129334742093,54.68915575618147,53.75237746759235,55.11703210503197,52.76059871072565
Waynesburg,51.640912276842485,51.27426096994451,55.128284922402564,59.551569581704605,54.816913930970905
Webster,42.44144864560294,41.207095736456154,35.997968837226345,36.391055692973765,40.88742032960871
Wellesley,55.839130870960894,55.717532472277185,56.435323677947224,58.19148021224326,67.14008958235797
Wentworth,51.121520673651936,52.50965305343675,49.96047561591443,49.227027417508715,48.29485697807402
Wesleyan (CT),49.06626134106978,50.87619634683434,54.62244087567533,47.38023712970392,46.19288975812882
Wesleyan (GA),41.338380846103995,39.836467259030776,42.11846374812938,41.935952496493584,39.55341766351206
WestConn,46.18550487149797,52.035464333873556,52.86225783532392,53.958605926460756,53.34977988006157
Western New Eng.,47.375746122685065,40.469669552983895,38.309463478957156,38.03699580296988,37.627995077821275
Westfield St.,48.228042492250005,52.66189135103776,56.65824737805742,62.034608239834135,62.61516216501275
Westminster (MO),53.001700013924584,49.14911505581029,47.42373114721771,46.57961828281206,51.08014204994457
Westminster (PA),45.08519284920865,47.815128582330246,42.55238164049518,41.96428346867845,43.944036210786315
Wheaton (IL),46.99895326536006,49.50960803537298,44.37443581634141,37.4447212748429,37.9553344123601
Wheaton (MA),46.70775922543025,50.17778943320626,49.30685999379871,49.06976742148404,52.61972138781735
Whitman,32.09594558817266,38.57037946071461,37.84749184139103,36.0938374822978,47.78776126809198
Whittier,50.599791841941204,53.86076019441965,57.64145897462831,61.59946911982436,57.4460102935691
Whitworth,57.14830686252412,59.10194857677301,61.90394723441918,62.550967038635584,60.621536457878825
Widener,43.74758066978524,39.748479100070995,42.1350772041462,44.523603715112415,45.522469153913725
Wilkes,37.19904786043516,38.97838711208972,41.50208518474094,39.71849102483735,38.70268781062312
Willamette,45.70139531102202,52.84530232278893,49.19062936372569,49.54176456167779,41.13513874874074
William Peace,52.2492927581159,52.128180379276,53.81271819828885,56.2914674675454,53.01594171638945
William Smith,61.88810988629619,65.86430975498241,69.34825647304102,64.88486097630943,70.45179836496821
Williams,53.30131836341333,50.668617305479096,51.43355637615719,52.69585117053845,51.72996314502317
Wilmington (OH),51.79355175789502,48.66210035556449,45.20391679823162,50.47720564577389,50.64919770400834
Wilson,45.75251978739968,45.77120147325786,46.64788525518633,44.98850247748339,45.24172236584246
Wis. Lutheran,56.38865625348703,57.129337270180905,59.360620685038164,61.09192261833661,59.450357274209146
Wis.-Eau Claire,63.067320408404086,60.996439851009924,67.21011428459957,67.29386602350777,71.5432454054744
Wis.-La Crosse,41.419854475029815,42.884027955816045,45.2347444909356,47.149138507821334,45.95712209880437
Wis.-Oshkosh,64.85769413856148,55.92368316914234,53.66856367120837,47.673884066729144,50.69181479718511
Wis.-Platteville,54.369315524386465,54.43769351415184,60.114598028698104,64.24935317888273,61.018405452658705
Wis.-Stevens Point,58.16473836850488,68.94344627302735,72.4884588095103,67.45400960004818,68.02455639252933
Wis.-Stout,56.12100062814366,59.03755238009628,55.14607244687327,54.008062092786744,53.41192863415425
Wis.-Superior,48.13002798413444,50.17937800541736,50.27895099178319,51.38655535256728,52.746450905685094
Wis.-Whitewater,55.3437330951091,52.05470627120033,46.30614132630875,52.08734347547035,49.93242149731645
Wittenberg,47.48595161273961,46.875359910067424,51.49478008334462,48.69046787085546,48.39503624869495
Wm. Paterson,48.662470300689485,45.79118844665262,47.38961265190661,49.31301958835672,49.596836898337564
Wooster,46.46379422763519,47.41140595735804,43.789885085067375,42.801671841305506,35.58809134507518
Worcester St.,46.25253646965419,48.786321192294764,60.955875812614835,51.35600890171943,52.619106395874866
Yeshiva,52.649675812588264,54.723118432577444,52.40529480854149,54.191202272813356,52.65149461889553
York (NY),43.22082534111337,38.115753012342545,38.81727498911142,36.92354340175487,39.57300528955844
York (PA),49.482612975294494,48.31211256611868,48.73924220500462,49.525961181336065,51.79080276673771
